log2_N, Init_T, FFT_T, RMS_T, Total_T
11 , 0.000319957733154 , 6.28128910065 , 2.19345092773e-05 , 6.28163099289
11 , 0.00260710716248 , 6.7878279686 , 2.78949737549e-05 , 6.79046297073
11 , 0.00263714790344 , 6.34509682655 , 5.41210174561e-05 , 6.34778809547
11 , 0.00305891036987 , 8.39327907562 , 6.19888305664e-05 , 8.39639997482
11 , 0.00424909591675 , 9.91882109642 , 5.48362731934e-05 , 9.92312502861
11 , 0.00389909744263 , 9.12748384476 , 0.000123023986816 , 9.13150596619
