log2_N, Init_T, FFT_T, RMS_T, Total_T
11 , 0.00028920173645 , 5.55777788162 , 2.00271606445e-05 , 5.55808711052
11 , 0.000339984893799 , 6.51839089394 , 2.00271606445e-05 , 6.51875090599
11 , 0.000345945358276 , 6.31695890427 , 2.09808349609e-05 , 6.31732583046
11 , 0.000338077545166 , 5.61092185974 , 3.09944152832e-05 , 5.6112909317
11 , 0.000494956970215 , 7.88845515251 , 6.19888305664e-05 , 7.88901209831
11 , 0.00486207008362 , 7.28216600418 , 0.000127792358398 , 7.28715586662
11 , 0.036504983902 , 10.0780730247 , 0.000107049942017 , 10.1146850586
