log2_N, Init_T, FFT_T, RMS_T, Total_T
8 , 0.000252962112427 , 0.0563900470734 , 24.3175590038 , 24.374202013
9 , 0.000398874282837 , 0.270606040955 , 95.5779459476 , 95.8489508629
10 , 0.000501155853271 , 1.17809796333 , 390.122069836 , 391.300668955
11 , 0.00100088119507 , 5.64254903793 , 1676.52897501 , 1682.17252493
rel_rms_err =  [[ 0.]
 [ 0.]
 [ 0.]
 [ 0.]]
